id;nombre;primer_apellido;segundo_apellido;tipo_identificacion;num_identificacion;telefono;mail;direccion;ocupacion
1;Card;transform;generating enterprise Surinam;Entrada virtual;medición Seguro Mejorado;JoyeríaXX;Fantástico Central Usabilidad;initiatives transmitter synthesize;digital
2;Queso;driver;Ringgit payment Rojo;Blanco Central indexing;navigate tangible;Rústico Cambridgeshire red;invoice;Negro East;Loan facilitate Pelota
3;calculating online;Pollo;Cambridgeshire deposit payment;Coche Account;bandwidth;synergize focus;Investment Atún Técnico;Director;Cine Chalet payment
4;Mesa Ensalada Loan;Ingeniero Seguridada Madera;Arquitecto vertical;Bicicleta bypassing;evolveXXX;HTTP Administrador;paralelismo Granito;calculating card invoice;eyeballs Interacciones
5;capacitor Agente Trinidad;Account Cambridgeshire 24/7;interface Pequeño next-generation;bus;IntranetX;InternoXX;Heredado;port Berkshire;Gorro Mejorado Inteligente
6;Manzana Bebes;digital;Aplicaciones;Mascotas vertical;AGP Sabroso;Metal Desarrollador Respuesta;seize;up;estructura front-end IB
7;withdrawal Azul compress;Sudán;real;array Hogar;generación;application Mesa iniciativa;PNG;world-class Jefe Patatas;withdrawal
8;Canarias;Burundi calculating initiatives;Mercado PNG;Marroquinería Uruguayo Desarrollador;Blanco deposit bypassing;LibreríaX;tolerancia Facilitador;mobile Inteligente;Configuración
9;Santo Ronda;Rústico copy program;firewall;Paradigma Raton Técnico;depositXX;GrisXXXXX;Buckinghamshire;Account Teclado;Amarillo Algodón Decoración
10;Huerta;Granito 1080p up;parse Negro;ROI;copying brand Andalucía;Ladrillo markets;ADP;rich e-markets Acero;Canarias recíproca Atún
