id;nombre;primer_apellido;segundo_apellido;mail;tipo_identificacion;num_identificacion;direccion;cargo
1;Gerente parsing;sensor Guantes;direccional;infomediaries Terrenos deliverables;quantify Humano;Borders Coordinador;Salud RAM;Plástico Innovador Contabilidad
2;array Navarra;cross-platform;Mascotas;array deposit Investment;invoice Tonga Grupo;markets program;optical Extremadura;panel
3;GB parsing;Estonia fidelidad;Verde enterprise grupo;up;Intercambiable solid;Director;parsing Auto Rambla;deposit Supervisor
4;Aragón blockchains Investment;auxiliary;card Plástico;Papelería Leona;Supervisor circuit Baleares;Electrónica;Pescado orchestrate Violeta;Naira Investment Borders
5;Poblado Caserio Digitalizado;COM;sistémica Guapo;Explanada;niches;withdrawal;SSL Directo de;Haiti Senda Realineado
6;back XSS supply-chains;reintermediate e-business navigate;Account initiatives;Plástico feed;Amarillo Funcionario Reducido;generate withdrawal;Web parse Account;Librería Mercado communities
7;trabajo B2B Azul;Aragón deposit;Loan Salud;microchip generating Algodón;Gris feed Entrada;programming Omán;fritas;Refinado
8;back-end Azul;Noruega;Plástico Account;Madera copy Granito;Central;Rústico Seguro invoice;Ngultrum Rústico;override
9;inversa Ghana Bedfordshire;programming Dollar drive;Bedfordshire global Navarra;optical Violeta de;Fantástico Genérico;solutions Corporativo firewall;nacional;ejecutiva
10;capacitor fidelidad;index;Relacciones Loan Productor;Sorprendente Central;Account;Salida deposit;Web Metal Algodón;hack
